#,Hạng mục nội dung,Nội dung giới thiệu,"Hình ảnh / Video(Link ảnh / video .jpg, .png, .mp4)",Chú thích
1,Giới thiệu chung,"S54 COFFEE – Vietnamese Coffee. Made for the World.

Tự hào mang tên gọi kết hợp giữa hình ảnh dải đất hình chữ S và 54 dân tộc anh em, S54 Coffee ra đời với sứ mệnh nâng tầm hạt cà phê Robusta và Arabica từ thủ phủ Tây Nguyên vươn tầm quốc tế. Chúng tôi mang đến những trải nghiệm cà phê nguyên bản, đậm đà—từ các dòng cà phê hòa tan 3in1 tiện lợi đến cà phê hạt rang chất lượng cao. Với phương châm ""New Coffee, New Income"", S54 Coffee không chỉ cung cấp nguồn năng lượng tỉnh táo, sáng tạo mỗi ngày mà còn hướng tới xây dựng giá trị phát triển bền vững cho cộng đồng.","- https://www.youtube.com/watch?v=7PB6Tn2pyE8 ( video giới thiệu )
- https://drive.google.com/drive/folders/1Dvg66RQlRMQB-YS_fWwH87zZosulaA3h?usp=drive_link ( Ảnh cửa hàng cà phê và ảnh văn phòng )
",
2,Tầm nhìn - Sứ mệnh - Giá trị cốt lõi (Nếu có),"• Tầm nhìn: Trở thành thương hiệu cà phê Việt uy tín, vươn tầm quốc tế.

• Sứ mệnh: Mang đến tách cà phê chuẩn vị, truyền năng lượng tích cực và tạo dựng thu nhập bền vững (New Coffee, New Income).

• Giá trị cốt lõi: Trung thực - Chất lượng - Cải tiến - Đồng hành.","- https://www.youtube.com/watch?v=8nVnuZSauE8 ( tầm nhìn )
- https://www.youtube.com/watch?v=bIC2_Dko3xk ( sứ mệnh )
- https://www.youtube.com/watch?v=T8MfqRZlsFo ( giá trị cốt lõi )",
3,Hành trình phát triển (Nếu có),"• Cột mốc 1: Nghiên cứu và phát triển dòng sản phẩm cà phê hòa tan & hạt rang chuẩn vị Tây Nguyên.

• Cột mốc 2: Mở rộng hệ thống phân phối và định hình thông điệp thương hiệu S54 Coffee.

• Cột mốc 3: Số hóa thương hiệu, hoàn thiện website bán hàng chuyên nghiệp.",- https://www.youtube.com/watch?v=T8MfqRZlsFo ( hành trình phát triển ),