#,Mã sản phẩm (SKU),Tên sản phẩm *,Danh mục sản phẩm *,"Từ khóa tìm kiếm(Ngăn cách bằng dấu ,)","Hình ảnh đại diện(Link ảnh jpg, png)*","Album ảnh sản phẩm(Link ảnh jpg, png)",Mô tả ngắn(không quá 200 từ),"Mô tả dài(Bao gồm chữ và hình ảnh, video)*",Giá khuyến mãi,Giá bán thường *
1,,Combo 5 gói cà phê hòa tan S54 dùng thử,Cà phê hòa tan,"cà phê hòa tan, S54 coffee, cà phê 3in1",https://drive.google.com/file/d/1-v9JanIXnwepkMK9e8GL6JbYztMqpp0x/view?usp=drive_link,https://drive.google.com/drive/folders/1enMYXeMLsTswAwbbMkiFU5TEuKDR6-AD?usp=drive_link,Cà phê hòa tan 3in1 S54 Coffee là lựa chọn lý tưởng cho những ai yêu thích hương vị cà phê tiện lợi nhưng vẫn đậm đà.,"Sản phẩm được sản xuất tại Việt Nam, kết hợp hài hòa giữa cà phê hòa tan – bột kem – đường, mang đến ly cà phê thơm ngon, cân bằng vị béo – ngọt – đắng, phù hợp cho mọi thời điểm trong ngày.Mỗi túi gồm 24 gói nhỏ, mỗi gói 19g nhỏ gọn, dễ pha, đáp ứng nhu cầu thưởng thức cà phê nhanh chóng tại nhà, văn phòng hay khi di chuyển.

Thành phần:

Bột kem không sữa (NDC): Tạo độ béo mịn, giúp cà phê dễ uống.Đường: Tạo vị ngọt cân bằng, bổ sung năng lượng.
Cà phê hòa tan (14%): Mang hương vị cà phê và cảm giác tỉnh táo.
Maltodextrine: Giúp cà phê tan đều, ổn định hương vị.
Muối: Giảm vị đắng, làm cà phê đậm đà hơn.
Hương cà phê tổng hợp: Tăng mùi thơm, giữ hương ổn định khi pha

Hướng dẫn sử dụng
Uống nóng: Hòa tan 1 gói với 70 ml nước nóng, khuấy đều và thưởng thức.
Uống lạnh: Hòa tan 2 gói với 50 ml nước nóng, khuấy đều, thêm đá và thưởng thức.

Công dụng của sản phẩm
Giúp pha chế nhanh một ly cà phê thơm ngon, tiện lợi cho sử dụng hằng ngày.
Phù hợp dùng vào buổi sáng, giờ nghỉ hoặc khi cần nạp năng lượng.
Dễ pha, dễ mang theo, sử dụng linh hoạt tại nhà, văn phòng hoặc khi di chuyển.


#s54coffee #caphehoatan #caphe3in1 #caphegoi #caphetienloi #caphevietnam #coffeevietnam #uongcaphe #caphemoingay #coffeeeveryday #coffeeinstant #caphevanphong #caphebuoisang #coffeeathome #coffee #

",15.000 VND,29.000VND
2,,Combo 12 gói cà phê hòa tan S54 dùng thử,Cà phê hòa tan,"cà phê hạt, cà phê rang xay, S54",https://drive.google.com/file/d/1H4J-FYS1L-aqHyAD1JRtT98sJUrV27eD/view?usp=drive_link,https://drive.google.com/drive/folders/1QBziRyBi_OmJM31FuJ9FDab8A_h9M3kY?usp=drive_link,Cà phê hòa tan 3in1 S54 Coffee là lựa chọn lý tưởng cho những ai yêu thích hương vị cà phê tiện lợi nhưng vẫn đậm đà.,"Sản phẩm được sản xuất tại Việt Nam, kết hợp hài hòa giữa cà phê hòa tan – bột kem – đường, mang đến ly cà phê thơm ngon, cân bằng vị béo – ngọt – đắng, phù hợp cho mọi thời điểm trong ngày.Mỗi túi gồm 24 gói nhỏ, mỗi gói 19g nhỏ gọn, dễ pha, đáp ứng nhu cầu thưởng thức cà phê nhanh chóng tại nhà, văn phòng hay khi di chuyển.

Thành phần:

Bột kem không sữa (NDC): Tạo độ béo mịn, giúp cà phê dễ uống.Đường: Tạo vị ngọt cân bằng, bổ sung năng lượng.
Cà phê hòa tan (14%): Mang hương vị cà phê và cảm giác tỉnh táo.
Maltodextrine: Giúp cà phê tan đều, ổn định hương vị.
Muối: Giảm vị đắng, làm cà phê đậm đà hơn.
Hương cà phê tổng hợp: Tăng mùi thơm, giữ hương ổn định khi pha

Hướng dẫn sử dụng
Uống nóng: Hòa tan 1 gói với 70 ml nước nóng, khuấy đều và thưởng thức.
Uống lạnh: Hòa tan 2 gói với 50 ml nước nóng, khuấy đều, thêm đá và thưởng thức.

Công dụng của sản phẩm
Giúp pha chế nhanh một ly cà phê thơm ngon, tiện lợi cho sử dụng hằng ngày.
Phù hợp dùng vào buổi sáng, giờ nghỉ hoặc khi cần nạp năng lượng.
Dễ pha, dễ mang theo, sử dụng linh hoạt tại nhà, văn phòng hoặc khi di chuyển.


#s54coffee #caphehoatan #caphe3in1 #caphegoi #caphetienloi #caphevietnam #coffeevietnam #uongcaphe #caphemoingay #coffeeeveryday #coffeeinstant #caphevanphong #caphebuoisang #coffeeathome #coffee #

",35.000 VND,70.000VND
3,,Túi cà phê hòa tan 3in1 S54 Coffee 456g,Cà phê hòa tan,"cà phê hòa tan 3in1, cà phê sữa hòa tan, cà phê hòa tan S54",https://drive.google.com/file/d/1S3oBQGLfEbvUCtYdCaoiv8XnFjH3OqrO/view?usp=drive_link,https://drive.google.com/drive/folders/1snxsgHH8UWHmGt-ZA8LbM2VIQVyGHT1M?usp=drive_link,Cà phê hòa tan 3in1 S54 Coffee là lựa chọn lý tưởng cho những ai yêu thích hương vị cà phê tiện lợi nhưng vẫn đậm đà.,"Sản phẩm được sản xuất tại Việt Nam, kết hợp hài hòa giữa cà phê hòa tan – bột kem – đường, mang đến ly cà phê thơm ngon, cân bằng vị béo – ngọt – đắng, phù hợp cho mọi thời điểm trong ngày.Mỗi túi gồm 24 gói nhỏ, mỗi gói 19g nhỏ gọn, dễ pha, đáp ứng nhu cầu thưởng thức cà phê nhanh chóng tại nhà, văn phòng hay khi di chuyển.

Thành phần:

Bột kem không sữa (NDC): Tạo độ béo mịn, giúp cà phê dễ uống.Đường: Tạo vị ngọt cân bằng, bổ sung năng lượng.
Cà phê hòa tan (14%): Mang hương vị cà phê và cảm giác tỉnh táo.
Maltodextrine: Giúp cà phê tan đều, ổn định hương vị.
Muối: Giảm vị đắng, làm cà phê đậm đà hơn.
Hương cà phê tổng hợp: Tăng mùi thơm, giữ hương ổn định khi pha

Hướng dẫn sử dụng
Uống nóng: Hòa tan 1 gói với 70 ml nước nóng, khuấy đều và thưởng thức.
Uống lạnh: Hòa tan 2 gói với 50 ml nước nóng, khuấy đều, thêm đá và thưởng thức.

Công dụng của sản phẩm
Giúp pha chế nhanh một ly cà phê thơm ngon, tiện lợi cho sử dụng hằng ngày.
Phù hợp dùng vào buổi sáng, giờ nghỉ hoặc khi cần nạp năng lượng.
Dễ pha, dễ mang theo, sử dụng linh hoạt tại nhà, văn phòng hoặc khi di chuyển.


#s54coffee #caphehoatan #caphe3in1 #caphegoi #caphetienloi #caphevietnam #coffeevietnam #uongcaphe #caphemoingay #coffeeeveryday #coffeeinstant #caphevanphong #caphebuoisang #coffeeathome #coffee #

",65.000 VND,129.000VND
4,,Combo 2 túi cà phê hòa tan 3in1 S54,Cà phê hòa tan,"cà phê hòa tan 3in1, cà phê sữa hòa tan, cà phê hòa tan S54, combo cà phê hòa tan 3in1",https://drive.google.com/file/d/1sd6oiHGsjqIu6FA7TBveNs8Kk2iR8WKZ/view?usp=drive_link,https://drive.google.com/drive/folders/152gW0DWx-hWr5NuMXYcdtbVlgcFl-KPE?usp=drive_link,Cà phê hòa tan 3in1 S54 Coffee là lựa chọn lý tưởng cho những ai yêu thích hương vị cà phê tiện lợi nhưng vẫn đậm đà.,"Sản phẩm được sản xuất tại Việt Nam, kết hợp hài hòa giữa cà phê hòa tan – bột kem – đường, mang đến ly cà phê thơm ngon, cân bằng vị béo – ngọt – đắng, phù hợp cho mọi thời điểm trong ngày.Mỗi túi gồm 24 gói nhỏ, mỗi gói 19g nhỏ gọn, dễ pha, đáp ứng nhu cầu thưởng thức cà phê nhanh chóng tại nhà, văn phòng hay khi di chuyển.

Thành phần:

Bột kem không sữa (NDC): Tạo độ béo mịn, giúp cà phê dễ uống.Đường: Tạo vị ngọt cân bằng, bổ sung năng lượng.
Cà phê hòa tan (14%): Mang hương vị cà phê và cảm giác tỉnh táo.
Maltodextrine: Giúp cà phê tan đều, ổn định hương vị.
Muối: Giảm vị đắng, làm cà phê đậm đà hơn.
Hương cà phê tổng hợp: Tăng mùi thơm, giữ hương ổn định khi pha

Hướng dẫn sử dụng
Uống nóng: Hòa tan 1 gói với 70 ml nước nóng, khuấy đều và thưởng thức.
Uống lạnh: Hòa tan 2 gói với 50 ml nước nóng, khuấy đều, thêm đá và thưởng thức.

Công dụng của sản phẩm
Giúp pha chế nhanh một ly cà phê thơm ngon, tiện lợi cho sử dụng hằng ngày.
Phù hợp dùng vào buổi sáng, giờ nghỉ hoặc khi cần nạp năng lượng.
Dễ pha, dễ mang theo, sử dụng linh hoạt tại nhà, văn phòng hoặc khi di chuyển.


#s54coffee #caphehoatan #caphe3in1 #caphegoi #caphetienloi #caphevietnam #coffeevietnam #uongcaphe #caphemoingay #coffeeeveryday #coffeeinstant #caphevanphong #caphebuoisang #coffeeathome #coffee #

",119.000VND,219.000VND
5,,Combo 3 túi cà phê hòa tan 3in1 S54,Cà phê hòa tan,"cà phê hòa tan 3in1, cà phê sữa hòa tan, cà phê hòa tan S54, combo cà phê hòa tan 3in2",https://drive.google.com/drive/folders/1fjdgtUfzqpOUsM1zZoE3pgHd7LzWcXjO?usp=drive_link,https://drive.google.com/drive/folders/1fjdgtUfzqpOUsM1zZoE3pgHd7LzWcXjO?usp=drive_link,Cà phê hòa tan 3in1 S54 Coffee là lựa chọn lý tưởng cho những ai yêu thích hương vị cà phê tiện lợi nhưng vẫn đậm đà.,"Sản phẩm được sản xuất tại Việt Nam, kết hợp hài hòa giữa cà phê hòa tan – bột kem – đường, mang đến ly cà phê thơm ngon, cân bằng vị béo – ngọt – đắng, phù hợp cho mọi thời điểm trong ngày.Mỗi túi gồm 24 gói nhỏ, mỗi gói 19g nhỏ gọn, dễ pha, đáp ứng nhu cầu thưởng thức cà phê nhanh chóng tại nhà, văn phòng hay khi di chuyển.

Thành phần:

Bột kem không sữa (NDC): Tạo độ béo mịn, giúp cà phê dễ uống.Đường: Tạo vị ngọt cân bằng, bổ sung năng lượng.
Cà phê hòa tan (14%): Mang hương vị cà phê và cảm giác tỉnh táo.
Maltodextrine: Giúp cà phê tan đều, ổn định hương vị.
Muối: Giảm vị đắng, làm cà phê đậm đà hơn.
Hương cà phê tổng hợp: Tăng mùi thơm, giữ hương ổn định khi pha

Hướng dẫn sử dụng
Uống nóng: Hòa tan 1 gói với 70 ml nước nóng, khuấy đều và thưởng thức.
Uống lạnh: Hòa tan 2 gói với 50 ml nước nóng, khuấy đều, thêm đá và thưởng thức.

Công dụng của sản phẩm
Giúp pha chế nhanh một ly cà phê thơm ngon, tiện lợi cho sử dụng hằng ngày.
Phù hợp dùng vào buổi sáng, giờ nghỉ hoặc khi cần nạp năng lượng.
Dễ pha, dễ mang theo, sử dụng linh hoạt tại nhà, văn phòng hoặc khi di chuyển.


#s54coffee #caphehoatan #caphe3in1 #caphegoi #caphetienloi #caphevietnam #coffeevietnam #uongcaphe #caphemoingay #coffeeeveryday #coffeeinstant #caphevanphong #caphebuoisang #coffeeathome #coffee #

",199.000VND,299.000VND
6,,Cà phê hạt rang Robusta S54 250gr,Cà phê hạt rang,,https://drive.google.com/file/d/1waHaaBj0cBfbUCuykneL9o8TvOIcNWqw/view?usp=drive_link,https://drive.google.com/drive/folders/1vhEnig1Y_g1luRzWFHZ1_VJNO1PGX7Mb?usp=drive_link,,"Cà phê hạt rang S54 Robusta là dòng cà phê nguyên chất Robusta Việt Nam, rang chuẩn để giữ trọn hương thơm tự nhiên, vị đậm mạnh đặc trưng. Phù hợp cho người yêu cà phê truyền thống, thích vị đắng rõ – hậu vị kéo dài, tỉnh táo nhanh.



Tên sản phẩm: Cà phê hạt rang S54 Robusta
- Thương hiệu: S54 Coffee

- Khối lượng tịnh: 250g

- Loại cà phê: Robusta rang

- Xuất xứ: Việt Nam

- Độ ẩm: ≤ 5%

- Hàm lượng caffeine: ≥ 1%



THÀNH PHẦN

100% cà phê Robusta nguyên chất

Không pha trộn

Không hương liệu

Không phụ gia



HƯỚNG DẪN SỬ DỤNG

*Pha phin

Cho 25g cà phê vào phin

Lắc nhẹ, nén vừa

Rót 20ml nước sôi để ủ cà phê trong 10 giây

Tiếp tục rót 50 – 60ml nước sôi

Thưởng thức nóng hoặc thêm đá, đường/sữa theo khẩu vị


*Pha máy Espresso

Dùng 15 – 20g bột cà phê

Pha bằng máy Espresso theo tiêu chuẩn



CÔNG DỤNG

- Giúp tỉnh táo, tăng sự tập trung

- Khơi dậy năng lượng khi làm việc, học tập

- Thích hợp uống buổi sáng hoặc đầu giờ chiều

- Phù hợp cho quán cà phê, văn phòng và sử dụng tại nhà



BẢO QUẢN

- Bảo quản nơi khô ráo, thoáng mát

- Tránh ánh nắng trực tiếp

- Đóng kín miệng túi sau khi mở

",250.000 VND,150.000 VND
7,,Cà phê hạt rang Robusta S54 500gr,Cà phê hạt rang,,https://drive.google.com/file/d/1eZApWhyUcDNZcoawRpXHlDCRwIRgEvfD/view?usp=drive_link,https://drive.google.com/drive/folders/1utkNSHQ1u6rltoQFaHzBV0V8IrvpUwQD?usp=drive_link,,"Cà phê hạt rang S54 Robusta là dòng cà phê nguyên chất Robusta Việt Nam, rang chuẩn để giữ trọn hương thơm tự nhiên, vị đậm mạnh đặc trưng. Phù hợp cho người yêu cà phê truyền thống, thích vị đắng rõ – hậu vị kéo dài, tỉnh táo nhanh.



Tên sản phẩm: Cà phê hạt rang S54 Robusta
- Thương hiệu: S54 Coffee

- Khối lượng tịnh: 500g

- Loại cà phê: Robusta rang

- Xuất xứ: Việt Nam

- Độ ẩm: ≤ 5%

- Hàm lượng caffeine: ≥ 1%



THÀNH PHẦN

100% cà phê Robusta nguyên chất

Không pha trộn

Không hương liệu

Không phụ gia



HƯỚNG DẪN SỬ DỤNG

*Pha phin

Cho 25g cà phê vào phin

Lắc nhẹ, nén vừa

Rót 20ml nước sôi để ủ cà phê trong 10 giây

Tiếp tục rót 50 – 60ml nước sôi

Thưởng thức nóng hoặc thêm đá, đường/sữa theo khẩu vị


*Pha máy Espresso

Dùng 15 – 20g bột cà phê

Pha bằng máy Espresso theo tiêu chuẩn



CÔNG DỤNG

- Giúp tỉnh táo, tăng sự tập trung

- Khơi dậy năng lượng khi làm việc, học tập

- Thích hợp uống buổi sáng hoặc đầu giờ chiều

- Phù hợp cho quán cà phê, văn phòng và sử dụng tại nhà



BẢO QUẢN

- Bảo quản nơi khô ráo, thoáng mát

- Tránh ánh nắng trực tiếp

- Đóng kín miệng túi sau khi mở

",225.000 VND,500.000 VND
8,,Máy xay cà phê cầm tay VBZ01-5,Máy xay cà phê cầm tay,,https://drive.google.com/file/d/1SkM5kXhJCj6VhEYjxaBDZ6tafewnsa-M/view?usp=drive_link,https://drive.google.com/drive/folders/1EiFPspWhbLECLqPPzBkUvMzc8-HDsVcW?usp=drive_link,Máy Xay Cà Phê Cầm Tay VBZ01-5 Cao Cấp Xay Cà Phê Nhanh Mịn Đều Điều Chỉnh Độ Mịn Pha Espresso Màu Đen,"Máy Xay Cà Phê Cầm Tay VBZ01-5 Máy Xay Hạt Cà Phê Mini Xay Cà Phê Tại Nhà Điều Chỉnh Độ Mịn Màu Đen

- Thưởng Thức Cà Phê Nguyên Bản Từ Những Hạt Cà Phê Vừa Xay

- Đối Với Người Yêu Cà Phê, Chất Lượng Bột Xay Ảnh Hưởng Lớn Đến Hương Thơm Và Hương Vị Của Ly Cà Phê.

- Máy Xay Cà Phê Cầm Tay VBZ01-5

- Được Thiết Kế Giúp Xay Hạt Cà Phê Mượt Mà, Bột Xay Đồng Đều Và Dễ Dàng Điều Chỉnh Độ Mịn, Phù Hợp Cho Nhiều 

Phương Pháp Pha Cà Phê Tại Nhà.

- Thiết Kế Nhỏ Gọn, Cầm Chắc Tay Cùng

+ Cối Xay CNC 5 Trục

+ Là Lựa Chọn Phù Hợp Cho Người Mới Bắt Đầu Cũng Như Người Yêu Thích Tự Tay Xay Và Pha Cà Phê.

- Ưu Điểm Nổi Bật

+ Cối Xay CNC 5 Trục Cao Cấp

• Cối Xay Được Gia Công Chính Xác, Hỗ Trợ Xay Hạt Cà Phê Đồng Đều, Hạn Chế Tình Trạng Bột Quá Mịn Hoặc Quá Thô.

• Giúp Bột Cà Phê Sau Khi Xay Có Độ Đồng Đều Tốt, Hỗ Trợ Giữ Lại Hương Thơm Và Hương Vị Tự Nhiên Của Hạt Cà Phê.

+ Điều Chỉnh Độ Mịn Linh Hoạt

• Máy Xay Cà Phê Cầm Tay VBZ01-5 Cho Phép Điều Chỉnh Độ Mịn Theo Nhu Cầu Sử Dụng.

• Phù Hợp Với Nhiều Kiểu Pha Như Espresso, Moka Pot, Pour Over, V60, AeroPress, French Press Và Phin Cà Phê Việt Nam.

+ Xay Bằng Tay, Không Cần Điện

• Hoạt Động Bằng Tay, Không Phụ Thuộc Vào Nguồn Điện.

• Thiết Kế Phù Hợp Để Sử Dụng Tại Nhà, Văn Phòng, Khi Đi Du Lịch, Cắm Trại Hoặc Dã Ngoại.

+ Thiết Kế Nhỏ Gọn, Cầm Chắc Tay

• Kích Thước Gọn Gàng, Dễ Cầm Nắm Và Mang Theo.

• Thiết Kế Chắc Chắn, Tiện Lợi Cho Việc Xay Cà Phê Hằng Ngày.

+ Tháo Lắp Và Vệ Sinh Dễ Dàng

• Các Bộ Phận Có Thể Tháo Rời Giúp Vệ Sinh Thuận Tiện Sau Khi Sử Dụng.

• Nên Vệ Sinh Thường Xuyên Để Hạn Chế Bột Cà Phê Còn Lại Và Giúp Máy Hoạt Động Ổn Định.",646.000 VND,950.000 VND
9,,Máy Xay Cà Phê Cầm Tay VBZ08-5,Máy xay cà phê cầm tay,,https://drive.google.com/file/d/1HTSFPDhlvQa2OUU80Yxszy5tzj_0aXpw/view?usp=drive_link,https://drive.google.com/drive/folders/1YKW-lwFoAnNRedUHlQBtbW00bpHtci-B?usp=drive_link,"Máy Xay Cà Phê Cầm Tay VBZ08-5 Lõi Xay Inox SUS420 CNC 5 Trục, Điều Chỉnh Độ Mịn, Thân Nhôm Kim Loại","Máy Xay Cà Phê Cầm Tay VBZ08-5 – Lõi Xay Inox SUS420 CNC 5 Trục, Điều Chỉnh Độ Mịn, Thân Nhôm Kim Loại

• Tự tay xay hạt cà phê ngay trước khi pha, chủ động kiểm soát độ mịn và lượng bột theo nhu cầu.• Thiết kế chắc chắn với thân máy bằng nhôm kết hợp inox, phù hợp sử dụng tại nhà, văn phòng hoặc mang theo khi đi du lịch.• Trang bị lõi xay inox SUS420 CNC 5 trục, hỗ trợ xay ổn định và tạo bột cà phê có độ đồng đều tốt.

Ưu Điểm Nổi Bật

Lõi Xay Inox SUS420 CNC 5 Trục

• Lõi xay inox SUS420 được gia công CNC 5 trục, hỗ trợ tăng độ chính xác trong quá trình nghiền hạt.• Thiết kế lõi xay giúp thao tác xay ổn định, nhẹ nhàng và thuận tiện.• Đường kính lõi xay khoảng 38mm, phù hợp với nhu cầu xay cà phê thủ công hằng ngày.

Thân Máy Kim Loại Chắc Chắn

• Thân máy sử dụng chất liệu nhôm kết hợp inox, tạo cảm giác chắc chắn khi cầm.• Bề mặt thân máy có thiết kế dạng lưới, vừa tạo điểm nhấn vừa hỗ trợ tăng độ bám.• Tay cầm được thiết kế tiện dụng, giúp thao tác xay thoải mái hơn.

Điều Chỉnh Độ Mịn Linh Hoạt

• Núm điều chỉnh cho phép thay đổi độ thô/mịn của bột cà phê theo nhu cầu.• Có thể lựa chọn mức xay phù hợp với từng phương pháp pha.• Giúp người dùng chủ động kiểm soát kích thước bột trong mỗi lần xay.

Hệ Thống Trục Cố Định Kép

• Cơ chế trục cố định kép giúp bộ phận xay vận hành ổn định.• Hạn chế rung lắc hoặc lệch trục trong quá trình xay.• Hỗ trợ tạo bột cà phê có độ đồng đều tốt hơn.

Tháo Lắp Thuận Tiện

• Các bộ phận có thể tháo rời để vệ sinh và bảo dưỡng.• Thuận tiện làm sạch bột cà phê còn sót lại sau khi sử dụng.• Thiết kế phù hợp cho việc vệ sinh và bảo quản định kỳ.

Phù Hợp Với Nhiều Phương Pháp Pha Cà Phê

• Espresso• Moka Pot• Pour Over• V60• AeroPress• French Press• Phin Cà Phê Việt Nam

Hướng Dẫn Sử Dụng Máy Xay Cà Phê VBZ08-5

Bước 1: Điều chỉnh độ mịnXoay núm điều chỉnh để lựa chọn mức xay phù hợp với phương pháp pha cà phê.

Bước 2: Cho hạt cà phêMở khoang chứa và cho lượng hạt cà phê cần sử dụng vào máy.

Bước 3: Tiến hành xayLắp tay quay và xoay đều tay để nghiền hạt. Trong quá trình xay nên giữ thân máy ổn định.

Bước 4: Lấy bột cà phêSau khi xay xong, lấy phần bột cà phê và tiến hành pha theo phương pháp mong muốn.

Hướng Dẫn Vệ Sinh Và Bảo Quản

• Dùng bàn chải để loại bỏ bột cà phê còn sót lại sau mỗi lần sử dụng.• Không ngâm hoặc rửa trực tiếp toàn bộ máy bằng nước.• Vệ sinh lõi xay định kỳ để hạn chế bột cà phê tích tụ.• Bảo quản máy ở nơi khô ráo, thoáng mát.• Khi tháo lõi xay cần thao tác cẩn thận vì các cạnh của lõi có thể sắc.• Đảm bảo các bộ phận được lắp đúng vị trí sau khi vệ sinh.

Thông Số Sản Phẩm

• Tên sản phẩm: Máy Xay Cà Phê Cầm Tay VBZ08-5• Mã sản phẩm: VBZ08-5• Chất liệu: Nhôm + Inox• Loại lõi xay: Inox SUS420 CNC 5 trục• Đường kính lõi xay: 38mm• Dung tích chứa hạt: Khoảng 25g• Trọng lượng: Khoảng 500g• Kích thước thân máy: 155 × 50mm• Chiều dài tay cầm: 175mm

Bộ Sản Phẩm Gồm

• 01 Máy xay cà phê cầm tay VBZ08-5• 01 Tay cầm xay• Các phụ kiện đi kèm theo bộ sản phẩm

Cam Kết Từ Shop

• Sản phẩm đúng mô tả và hình ảnh đăng bán.• Kiểm tra sản phẩm trước khi đóng gói và giao hàng.• Đóng gói cẩn thận, hạn chế va đập trong quá trình vận chuyển.• Xử lý đơn hàng nhanh chóng theo thời gian.• Hỗ trợ tư vấn trong quá trình sử dụng.• Hỗ trợ đổi trả theo chính sách của sàn.• Luôn ưu tiên trải nghiệm và quyền lợi của khách hàng.



#MayXayCaPheVBZ08-5 #MayXayCaPheCamTay #MayXayCaPheCNC #MayXayCaPhe5Truc #MayXayCaPheInox #MayXayCaPheSUS420 #MayXayHatCaPhe #MayXayCaPheBangTay #MayXayCaPheTaiNha #MayXayCaPheDieuChinhDoMin #MayXayCaPheEspresso #MayXayCaPhePhin #MayXayCaPheV60 #MayXayCaPhePourOver #CoffeeGrinder #ManualCoffeeGrinder",720.000 VND,900.000 VND
10,,Máy Xay Cà Phê Cầm Tay VBZ03-5,Máy xay cà phê cầm tay,,https://drive.google.com/file/d/18JTmugOWy-8VV2SaB9slr1GmDqL-KdKW/view?usp=drive_link,https://drive.google.com/file/d/18JTmugOWy-8VV2SaB9slr1GmDqL-KdKW/view?usp=drive_link,Máy Xay Cà Phê Cầm Tay VBZ03-5 Máy Xay Hạt Cà Phê Mini Xay Cà Phê Tại Nhà Điều Chỉnh Độ Mịn Cối Xay CNC Thiết Kế Nhỏ Gọn Màu Đen,"Máy Xay Cà Phê Cầm Tay VBZ03-5 Máy Xay Hạt Cà Phê Mini Xay Cà Phê Tại Nhà Điều Chỉnh Độ Mịn Cối Xay CNC Thiết Kế Nhỏ Gọn Màu Đen

Thông tin sản phẩm

Máy xay cà phê cầm tay phù hợp cho những ai yêu thích cà phê pha tại nhà và muốn chủ động điều chỉnh độ mịn của bột cà phê theo từng phương pháp pha.

Thiết kế bằng kim loại chắc chắn, kết hợp lõi xay inox CNC chính xác, giúp quá trình xay ổn định và tạo ra bột cà phê tương đối đồng đều.

Thông số kỹ thuật

• Kiểu điều chỉnh: Điều chỉnh độ xay bên ngoài• Lõi xay: Inox SUS420 CNC 5 trục• Đường kính lõi xay: 38mm• Chất liệu: Nhôm + inox• Sức chứa: Khoảng 25g hạt cà phê• Trọng lượng: Khoảng 500g• Kích thước thân máy: Khoảng 150 × 50mm• Chiều dài tay quay: Khoảng 185mm

Ưu điểm nổi bật

1. Điều chỉnh độ xay linh hoạtCơ chế chỉnh độ xay bên ngoài giúp dễ dàng thay đổi độ thô/mịn tùy theo loại cà phê và phương pháp pha.

2. Lõi xay inox SUS420 CNCLõi xay được gia công CNC với kết cấu chắc chắn, hỗ trợ xay ổn định và tạo bột cà phê đồng đều hơn.

3. Thân máy kim loại chắc chắnKết hợp nhôm và inox, thân máy có thiết kế tạo độ bám khi cầm, giúp thao tác xay thuận tiện hơn.

4. Hệ thống vòng bi hỗ trợ giữ trục ổn địnhThiết kế vòng bi kép giúp trục xay được giữ cân bằng tốt hơn trong quá trình sử dụng.

5. Dễ tháo lắp và bảo dưỡngCác bộ phận được thiết kế thuận tiện cho việc vệ sinh và bảo trì định kỳ.

Phù hợp với nhiều cách pha

Máy có thể sử dụng để xay hạt cho nhiều phương pháp pha cà phê, tùy vào mức độ xay bạn lựa chọn:

• Cà phê phin Việt Nam• Pour Over• French Press• AeroPress• Một số phương pháp pha thủ công khác

Hướng dẫn vệ sinh và bảo quản

• Không ngâm hoặc rửa trực tiếp toàn bộ máy bằng nước.• Sau khi sử dụng, dùng chổi vệ sinh chuyên dụng để loại bỏ bột cà phê còn sót lại.• Khi tháo lõi xay, thao tác cẩn thận vì các cạnh kim loại có thể khá sắc.• Bảo quản máy ở nơi khô ráo, tránh môi trường ẩm ướt.• Nên vệ sinh định kỳ để hạn chế bột cà phê tích tụ bên trong.

Cam kết từ shop

• Sản phẩm được cung cấp đúng thông tin mô tả.• Kiểm tra sản phẩm trước khi đóng gói và giao hàng.• Hỗ trợ khách hàng trong quá trình sử dụng.• Chính sách đổi trả thực hiện.• Hỗ trợ tư vấn cách sử dụng và điều chỉnh độ xay khi khách hàng cần.

Nếu cần hỗ trợ thêm về sản phẩm, hãy liên hệ shop để được tư vấn.",805.000 VND,1.150.000 VND
11,,MÁY XAY CÀ PHÊ CẦM TAY VBS02-5,Máy xay cà phê cầm tay,,https://drive.google.com/file/d/1gx2C2M9JpI6w7lMMWDAMCC2kyEQ_TUBi/view?usp=drive_link,https://drive.google.com/drive/folders/1fBAqE6VuKLmUUhV1OorUu5eG5xP2_6MU?usp=drive_link,"MÁY XAY CÀ PHÊ CẦM TAY VBS02-5 Cao Cấp Cối Xay CNC 5 Trục, Điều Chỉnh Độ Mịn, Xay Cà Phê Đồng Đều","MÁY XAY CÀ PHÊ CẦM TAY VBS02-5 Cao Cấp – Cối Xay CNC 5 Trục, Điều Chỉnh Độ Mịn, Xay Cà Phê Đồng Đều

MÔ TẢ SẢN PHẨM

Máy xay cà phê cầm tay VBS02-5 là lựa chọn phù hợp cho người yêu cà phê và thường xuyên pha chế tại nhà, văn phòng, khi đi du lịch hoặc cắm trại. Sản phẩm sử dụng cối xay CNC 5 trục, hỗ trợ xay hạt cà phê nhanh, đồng đều và dễ dàng điều chỉnh độ mịn theo từng phương pháp pha.

CỐI XAY CNC 5 TRỤC – XAY MỊN, ĐỒNG ĐỀU

Cối xay CNC 5 trục hỗ trợ nghiền hạt cà phê ổn định.

Cho bột cà phê có độ đồng đều tốt, phù hợp nhiều kiểu pha.

Hạn chế tình trạng bột quá mịn hoặc quá thô.

Giúp giữ trọn hương thơm và hương vị tự nhiên của cà phê.

Thiết kế chắc chắn, sử dụng ổn định trong thời gian dài.

ĐIỀU CHỈNH ĐỘ MỊN LINH HOẠT

VBS02-5 cho phép điều chỉnh độ mịn tùy theo nhu cầu pha chế:

Espresso: Độ mịn cao.

Moka Pot: Độ mịn vừa.

Pour Over / V60: Độ mịn vừa đến vừa thô.

AeroPress: Có thể tùy chỉnh theo công thức pha.

French Press: Độ xay thô.

Phin cà phê Việt Nam: Độ xay phù hợp cho pha phin.

KHÔNG DÙNG ĐIỆN – XAY CÀ PHÊ MỌI LÚC, MỌI NƠI

Hoạt động bằng tay, không cần kết nối nguồn điện.

Chủ động xay cà phê tại nhà, văn phòng hoặc khi đi du lịch.

Vận hành êm ái, hạn chế tiếng ồn so với máy xay điện.

Không tiêu thụ điện năng trong quá trình sử dụng.

THIẾT KẾ NHỎ GỌN – DỄ MANG THEO

Kiểu dáng nhỏ gọn, thuận tiện cầm nắm.

Dễ dàng bỏ vào balo hoặc túi xách khi di chuyển.

Phù hợp sử dụng tại nhà, văn phòng, du lịch và cắm trại.

Tay quay chắc chắn, thao tác xay thuận tiện.

DỄ THÁO LẮP – DỄ VỆ SINH

Các bộ phận có thể tháo lắp thuận tiện.

Sau khi sử dụng, dùng chổi mềm hoặc khăn khô để làm sạch.

Không cần vệ sinh phức tạp, giúp tiết kiệm thời gian.

PHÙ HỢP NHIỀU PHƯƠNG PHÁP PHA CÀ PHÊ

Máy xay cà phê Espresso

Máy xay cà phê pha Moka Pot

Máy xay cà phê Pour Over / V60

Máy xay cà phê AeroPress

Máy xay cà phê French Press

Máy xay cà phê pha Phin Việt Nam

HƯỚNG DẪN SỬ DỤNG

Bước 1: Cho lượng hạt cà phê cần xay vào khoang chứa.

Bước 2: Điều chỉnh độ mịn phù hợp với phương pháp pha.

Bước 3: Lắp tay quay vào máy xay.

Bước 4: Xoay tay quay đều cho đến khi hạt cà phê được xay hoàn toàn.

Bước 5: Lấy bột cà phê và tiến hành pha theo phương pháp mong muốn.

HƯỚNG DẪN BẢO QUẢN

Làm sạch cối xay bằng chổi mềm hoặc khăn khô sau mỗi lần sử dụng.

Không ngâm máy hoặc cối xay trực tiếp trong nước.

Hạn chế để sản phẩm tiếp xúc với môi trường ẩm ướt.

Bảo quản máy ở nơi khô ráo, thoáng mát.

Vệ sinh định kỳ để hạn chế bột cà phê tồn đọng bên trong cối.

BỘ SẢN PHẨM GỒM

01 Máy xay cà phê cầm tay VBS02-5

01 Tay quay

01 Hướng dẫn sử dụng

CAM KẾT TỪ SHOP

Sản phẩm mới 100%.

Kiểm tra sản phẩm trước khi đóng gói.

Đóng gói cẩn thận, hạn chế va đập trong quá trình vận chuyển.

Hỗ trợ tư vấn cách sử dụng và lựa chọn độ mịn phù hợp.

Bảo hành theo chính sách của shop.

#MayXayCaPheCamTay #VBS02_5 #MayXayCaPheVBS02_5 #MayXayCaPheCNC #MayXayCaPhe5Truc #MayXayCaPheKhongDungDien #MayXayCaPheEspresso #MayXayCaPhePhaPhin #MayXayCaPheV60 #MayXayCaPheFrenchPress #MayXayCaPheMokaPot #MayXayCaPhePourOver #DungCuPhaCaPhe #CaPheTaiNha #CoffeeGrinder",702.000 VND,900.000 VND
12,,Máy Xay Cà Phê Cầm Tay KMDJ-HC,Máy xay cà phê cầm tay,,https://drive.google.com/file/d/13_0ZeO_-IWgQK4d9FU2MF7Ws9W17BpH0/view?usp=drive_link,https://drive.google.com/drive/folders/17VEP8RFcFwfaQzcwvdj4Hv_K9sfh-XVX?usp=drive_link,"Máy Xay Cà Phê Cầm Tay KMDJ-HC Máy Xay Hạt Cà Phê Thủ Công, 40 Mức Điều Chỉnh Độ Mịn, Lõi Gốm, Hộp Bột Thủy Tinh","Máy Xay Cà Phê Cầm Tay KMDJ-HC – Máy Xay Hạt Cà Phê Thủ Công, 40 Mức Điều Chỉnh Độ Mịn, Lõi Gốm, Hộp Bột Thủy Tinh

• Tự tay xay những hạt cà phê yêu thích và thưởng thức cà phê mới xay ngay tại nhà.• Thiết kế nhỏ gọn, dễ cầm nắm, phù hợp cho người mới bắt đầu cũng như người yêu thích pha cà phê thủ công.• Hệ thống điều chỉnh độ mịn giúp chủ động kiểm soát kích thước bột cà phê theo nhu cầu pha.

Ưu Điểm Nổi Bật

Lõi Xay Gốm Độ Chính Xác Cao

• Trang bị lõi xay gốm với thiết kế chuyên dụng, hỗ trợ nghiền hạt ổn định.• Lõi gốm giúp hạn chế nhiệt sinh ra trong quá trình xay, hỗ trợ giữ lại hương thơm và đặc tính tự nhiên của hạt cà phê.• Thiết kế thuận tiện cho việc vệ sinh và bảo dưỡng định kỳ.

40 Mức Điều Chỉnh Độ Mịn

• Hệ thống điều chỉnh nhiều cấp giúp dễ dàng lựa chọn độ xay từ thô đến mịn.• Có thể tùy chỉnh theo từng loại hạt và phương pháp pha cà phê.• Các nấc điều chỉnh rõ ràng, giúp người dùng chủ động kiểm soát độ mịn của bột.

Cơ Chế Cố Định Ổn Định

• Thiết kế cố định kép giúp thân máy và bộ phận xay hoạt động ổn định hơn trong quá trình sử dụng.• Hỗ trợ tạo bột cà phê có độ đồng đều tốt.• Giúp quá trình xay thuận tiện và dễ kiểm soát.

Linh Hoạt Với Tay Quay

• Tay quay có thể tháo rời, thuận tiện cho việc cất giữ và mang theo.• Thiết kế hỗ trợ sử dụng thủ công bằng tay.• Có thể kết hợp với máy khoan điện phù hợp để hỗ trợ xay nhanh hơn khi cần.

Thiết Kế Chống Trượt, Dễ Cầm Nắm

• Phần thân được thiết kế giúp tăng độ bám khi thao tác.• Cầm chắc tay, hạn chế trượt trong quá trình xay.• Kiểu dáng gọn nhẹ, thuận tiện sử dụng tại nhà, văn phòng hoặc mang theo khi đi du lịch, cắm trại.

Ngăn Chứa Bột Thủy Tinh Trong Suốt

• Hộp chứa bột sử dụng chất liệu thủy tinh trong suốt, dễ dàng quan sát lượng cà phê sau khi xay.• Dễ tháo rời và vệ sinh.• Hỗ trợ hạn chế tình trạng bột cà phê bám lại do tĩnh điện.

Tháo Rời Dễ Dàng, Thuận Tiện Vệ Sinh

• Các bộ phận có thể tháo rời giúp việc vệ sinh thuận tiện hơn.• Hạn chế bột cà phê tồn đọng trong các vị trí khó làm sạch.• Đi kèm bàn chải vệ sinh để hỗ trợ làm sạch lõi và thân máy.

Lưu ý: Sản phẩm có nhiều bộ phận tháo rời. Khi vệ sinh nên ghi nhớ vị trí và thứ tự từng linh kiện để lắp ráp lại chính xác.

Phù Hợp Với Nhiều Phương Pháp Pha Cà Phê

• Espresso• Moka Pot• Pour Over• V60• AeroPress• French Press• Phin Cà Phê Việt Nam

Hướng Dẫn Sử Dụng Máy Xay Cà Phê KMDJ-HC

Bước 1: Điều chỉnh độ mịnXoay bộ phận điều chỉnh để lựa chọn mức xay phù hợp với phương pháp pha mong muốn.

Bước 2: Cho hạt cà phêMở khoang chứa hạt, cho lượng cà phê đã chuẩn bị vào và lắp phần tay quay.

Bước 3: Tiến hành xayXay theo chiều kim đồng hồ với tốc độ đều. Nên giữ thân máy thẳng đứng trong quá trình xay.

Bước 4: Lấy bột cà phêSau khi xay xong, tháo ngăn chứa bột và lấy cà phê để tiến hành pha.

Hướng Dẫn Vệ Sinh Và Bảo Quản

• Dùng bàn chải vệ sinh để loại bỏ bột cà phê còn sót lại.• Vệ sinh định kỳ các bộ phận tiếp xúc trực tiếp với cà phê.• Đảm bảo các linh kiện khô hoàn toàn trước khi lắp ráp và bảo quản.• Bảo quản máy ở nơi khô ráo, thoáng mát.• Hạn chế để máy trong môi trường ẩm ướt.• Khi tháo máy nên sắp xếp linh kiện theo đúng thứ tự để thuận tiện lắp lại.

Thông Số Sản Phẩm

• Tên sản phẩm: Máy Xay Cà Phê Cầm Tay KMDJ-HC• Mã sản phẩm: KMDJ-HC• Chất liệu: ABS, thép không gỉ, thủy tinh soda-lime• Lõi xay: Lõi xay gốm• Số mức điều chỉnh: 40 cấp độ• Dung tích chứa hạt: 25 ± 5g• Dung tích chứa bột: 30 ± 5g• Trọng lượng: Khoảng 360 ± 20g• Kích thước: 170 × 57,8 × 189mm• Nơi sản xuất: Chu Hải, Quảng Đông, Trung Quốc

Bộ Sản Phẩm Gồm

• 01 Máy xay cà phê KMDJ-HC• 01 Tay quay• 01 Ngăn chứa bột thủy tinh• 01 Bàn chải vệ sinh• Các phụ kiện đi kèm theo bộ sản phẩm

Cam Kết Từ Shop

• Hàng mới 100%.• Kiểm tra sản phẩm trước khi đóng gói.• Đóng gói cẩn thận, hạn chế va đập trong quá trình vận chuyển.• Hỗ trợ tư vấn cách sử dụng sản phẩm.• Hỗ trợ khách hàng trong quá trình sử dụng theo chính sách của Shop.



#MayXayCaPheKMDJHC #MayXayCaPheCamTay #MayXayCaPheBangTay #MayXayCaPheMini #MayXayHatCaPhe #MayXayCaPheLoiGom #MayXayCaPhe40Cap #MayXayCaPheDieuChinhDoMin #MayXayCaPheTaiNha #MayXayCaPheDuLich #MayXayCaPhePhin #MayXayCaPheV60 #MayXayCaPhePourOver #CoffeeGrinder #ManualCoffeeGrinder #KMDJHC",350.000VND,500.000 VND
,,,,,,,,,,
"Note: Nhưng sản phẩm đã có ảnh nhưng chưa có thông tin, vẫn up lên và để là Comming soon",,,,,,,,,,